<?xml version="1.0" encoding="utf-8"?>
<Feature xmlns="http://schemas.microsoft.com/sharepoint/" Description="My SharePoint BDC Feature" Id="725bb0e8-d030-47bd-84ba-227e2abdc32f" ReceiverAssembly="Microsoft.Office.SharePoint.ClientExtensions, Version=14.0.0.0, Culture=neutral, PublicKeyToken=71e9bce111e9429c" ReceiverClass="Microsoft.Office.SharePoint.ClientExtensions.Deployment.ImportModelReceiver" Scope="Farm" Title="EmployeeEntityModel Feature1">
  <Properties>
    <Property Key="GloballyAvailable" Value="true" />
    <Property Key="BdcModel1" Value="BdcAssemblies\EmployeeEntityModel.dll" />
    <Property Key="IncrementalUpdate" Value="true" />
    <Property Key="ModelFileName" Value="BdcModel1\BdcModel1.bdcm" />
  </Properties>
  <ElementManifests>
    <ElementFile Location="BdcModel1\BdcModel1.bdcm" />
    <ElementFile Location="BdcAssemblies\EmployeeEntityModel.dll" />
  </ElementManifests>
</Feature>
